date,cases,deaths,cum_cases,cum_deaths,mortality
1/3/2020,0,0,0,0,0
1/4/2020,0,0,0,0,0
1/5/2020,0,0,0,0,0
1/6/2020,0,0,0,0,0
1/7/2020,0,0,0,0,0
1/8/2020,0,0,0,0,0
1/9/2020,0,0,0,0,0
1/10/2020,0,0,0,0,0
1/11/2020,0,0,0,0,0
1/12/2020,0,0,0,0,0
1/13/2020,0,0,0,0,0
1/14/2020,0,0,0,0,0
1/15/2020,0,0,0,0,0
1/16/2020,0,0,0,0,0
1/17/2020,0,0,0,0,0
1/18/2020,0,0,0,0,0
1/19/2020,0,0,0,0,0
1/20/2020,1,0,1,0,0
1/21/2020,0,0,1,0,0
1/22/2020,0,0,1,0,0
1/23/2020,0,0,1,0,0
1/24/2020,0,0,1,0,0
1/25/2020,5,0,6,0,0
1/26/2020,1,0,7,0,0
1/27/2020,0,0,7,0,0
1/28/2020,1,0,8,0,0
1/29/2020,0,0,8,0,0
1/30/2020,0,0,8,0,0
1/31/2020,0,0,8,0,0
2/1/2020,0,0,8,0,0
2/2/2020,1,0,9,0,0
2/3/2020,1,0,10,0,0
2/4/2020,3,0,13,0,0
2/5/2020,4,0,17,0,0
2/6/2020,2,0,19,0,0
2/7/2020,0,0,19,0,0
2/8/2020,0,0,19,0,0
2/9/2020,1,0,20,0,0
2/10/2020,0,0,20,0,0
2/11/2020,0,0,20,0,0
2/12/2020,0,0,20,0,0
2/13/2020,0,0,20,0,0
2/14/2020,2,0,22,0,0
2/15/2020,1,0,23,0,0
2/16/2020,1,0,24,0,0
2/17/2020,0,0,24,0,0
2/18/2020,0,0,24,0,0
2/19/2020,2,0,26,0,0
2/20/2020,5,0,31,0,0
2/21/2020,3,0,34,0,0
2/22/2020,1,0,35,0,0
2/23/2020,5,0,40,0,0
2/24/2020,8,0,48,0,0
2/25/2020,0,0,48,0,0
2/26/2020,4,0,52,0,0
2/27/2020,4,0,56,0,0
2/28/2020,8,0,64,0,0
2/29/2020,5,1,69,1,0.2
3/1/2020,4,0,73,1,0
3/2/2020,9,1,82,2,0.111111111
3/3/2020,18,0,100,2,0
3/4/2020,35,6,135,8,0.171428571
3/5/2020,51,3,186,11,0.058823529
3/6/2020,70,2,256,13,0.028571429
3/7/2020,78,3,334,16,0.038461538
3/8/2020,130,3,464,19,0.023076923
3/9/2020,146,5,610,24,0.034246575
3/10/2020,212,4,822,28,0.018867925
3/11/2020,390,4,1212,32,0.01025641
3/12/2020,497,7,1709,39,0.014084507
3/13/2020,525,12,2234,51,0.022857143
3/14/2020,727,7,2961,58,0.009628611
3/15/2020,968,11,3929,69,0.011363636
3/16/2020,1219,13,5148,82,0.010664479
3/17/2020,2135,18,7283,100,0.008430913
3/18/2020,2369,21,9652,121,0.0088645
3/19/2020,3229,28,12881,149,0.008671415
3/20/2020,4862,64,17743,213,0.013163307
3/21/2020,6113,69,23856,282,0.01128742
3/22/2020,7559,92,31415,374,0.012170922
3/23/2020,9110,112,40525,486,0.012294182
3/24/2020,10765,118,51290,604,0.010961449
3/25/2020,10754,164,62044,768,0.015250139
3/26/2020,11332,209,73376,977,0.018443346
3/27/2020,14115,301,87491,1278,0.021324832
3/28/2020,18474,341,105965,1619,0.018458374
3/29/2020,20344,487,126309,2106,0.023938262
3/30/2020,20673,556,146982,2662,0.026894984
3/31/2020,26161,665,173143,3327,0.025419518
4/1/2020,15536,631,188679,3958,0.040615345
4/2/2020,23260,982,211939,4940,0.042218401
4/3/2020,28674,1121,240613,6061,0.03909465
4/4/2020,29790,1311,270403,7372,0.044008056
4/5/2020,32057,1376,302460,8748,0.042923542
4/6/2020,32134,1540,334594,10288,0.047924317
4/7/2020,26984,1873,361578,12161,0.069411503
4/8/2020,28629,1691,390207,13852,0.059065982
4/9/2020,29355,2093,419562,15945,0.071299608
4/10/2020,34148,2221,453710,18166,0.065040412
4/11/2020,34743,2230,488453,20396,0.064185591
4/12/2020,33179,2241,521632,22637,0.067542723
4/13/2020,31535,2192,553167,24829,0.069510068
4/14/2020,27094,1857,580261,26686,0.06853916
4/15/2020,25244,1905,605505,28591,0.075463476
4/16/2020,25259,2432,630764,31023,0.096282513
4/17/2020,25208,2731,655972,33754,0.108338623
4/18/2020,31494,2445,687466,36199,0.077633835
4/19/2020,30316,2336,717782,38535,0.07705502
4/20/2020,28281,1848,746063,40383,0.065344224
4/21/2020,26070,1993,772133,42376,0.076448025
4/22/2020,26428,2077,798561,44453,0.078590888
4/23/2020,25927,2673,824488,47126,0.103097157
4/24/2020,30470,2221,854958,49347,0.072891369
4/25/2020,33211,1984,888169,51331,0.059739243
4/26/2020,34778,2103,922947,53434,0.060469262
4/27/2020,33603,1892,956550,55326,0.056304497
4/28/2020,26063,1535,982613,56861,0.058895753
4/29/2020,23758,1489,1006371,58350,0.062673626
4/30/2020,23935,2111,1030306,60461,0.088197201
5/1/2020,26774,2417,1057080,62878,0.090274147
5/2/2020,31221,2238,1088301,65116,0.071682521
5/3/2020,33082,1953,1121383,67069,0.059035125
5/4/2020,28292,1609,1149675,68678,0.0568712
5/5/2020,25927,1412,1175602,70090,0.054460601
5/6/2020,22324,1271,1197926,71361,0.056934241
5/7/2020,22878,2434,1220804,73795,0.106390419
5/8/2020,25440,2341,1246244,76136,0.09202044
5/9/2020,28552,2033,1274796,78169,0.071203418
5/10/2020,28833,1658,1303629,79827,0.057503555
5/11/2020,25917,1491,1329546,81318,0.057529807
5/12/2020,20656,1073,1350202,82391,0.051946166
5/13/2020,19950,1034,1370152,83425,0.051829574
5/14/2020,23902,1533,1394054,84958,0.064136892
5/15/2020,17336,1507,1411390,86465,0.086928934
5/16/2020,34643,1943,1446033,88408,0.056086367
5/17/2020,26628,1549,1472661,89957,0.058171849
5/18/2020,26081,1239,1498742,91196,0.047505847
5/19/2020,19917,927,1518659,92123,0.046543154
5/20/2020,22744,946,1541403,93069,0.041593387
5/21/2020,21923,1179,1563326,94248,0.053779136
5/22/2020,23506,1374,1586832,95622,0.058453161
5/23/2020,26191,1083,1613023,96705,0.041350082
5/24/2020,25963,1810,1638986,98515,0.069714594
5/25/2020,21465,937,1660451,99452,0.043652457
5/26/2020,20651,788,1681102,100240,0.038157958
5/27/2020,19379,687,1700481,100927,0.035450746
5/28/2020,17510,811,1717991,101738,0.046316391
5/29/2020,19508,1285,1737499,103023,0.065870412
5/30/2020,24182,1251,1761681,104274,0.051732694
5/31/2020,23741,1051,1785422,105325,0.044269407
6/1/2020,24127,906,1809549,106231,0.037551291
6/2/2020,21466,673,1831015,106904,0.031351905
6/3/2020,17157,691,1848172,107595,0.040275106
6/4/2020,20974,934,1869146,108529,0.044531324
6/5/2020,20695,1022,1889841,109551,0.049383909
6/6/2020,20870,885,1910711,110436,0.042405367
6/7/2020,24491,876,1935202,111312,0.035768241
6/8/2020,23285,669,1958487,111981,0.028730943
6/9/2020,18455,593,1976942,112574,0.032132213
6/10/2020,18151,776,1995093,113350,0.042752465
6/11/2020,18581,827,2013674,114177,0.044507831
6/12/2020,22181,882,2035855,115059,0.039763762
6/13/2020,22890,888,2058745,115947,0.038794233
6/14/2020,28333,735,2087078,116682,0.025941482
6/15/2020,26434,685,2113512,117367,0.025913596
6/16/2020,20778,489,2134290,117856,0.023534508
6/17/2020,20591,525,2154881,118381,0.025496576
6/18/2020,24777,674,2179658,119055,0.027202648
6/19/2020,25816,684,2205474,119739,0.026495197
6/20/2020,28520,643,2233994,120382,0.022545582
6/21/2020,33105,755,2267099,121137,0.022806223
6/22/2020,33467,576,2300566,121713,0.017210984
6/23/2020,27345,413,2327911,122126,0.01510331
6/24/2020,28698,415,2356609,122541,0.014460938
6/25/2020,37887,746,2394496,123287,0.019690131
6/26/2020,37320,692,2431816,123979,0.018542337
6/27/2020,47021,2533,2478837,126512,0.053869548
6/28/2020,46540,706,2525377,127218,0.015169746
6/29/2020,43653,593,2569030,127811,0.013584404
6/30/2020,37583,439,2606613,128250,0.011680813
7/1/2020,38517,461,2645130,128711,0.011968741
7/2/2020,47253,662,2692383,129373,0.014009693
7/3/2020,59342,782,2751725,130155,0.01317785
7/4/2020,55452,704,2807177,130859,0.012695665
7/5/2020,60366,810,2867543,131669,0.013418149
7/6/2020,48978,539,2916521,132208,0.011004941
7/7/2020,40413,460,2956934,132668,0.011382476
7/8/2020,50763,598,3007697,133266,0.011780234
7/9/2020,56754,928,3064451,134194,0.01635127
7/10/2020,64775,1079,3129226,135273,0.016657661
7/11/2020,61943,961,3191169,136234,0.015514263
7/12/2020,68579,964,3259748,137198,0.014056781
7/13/2020,68262,889,3328010,138087,0.013023351
7/14/2020,58680,840,3386690,138927,0.014314928
7/15/2020,56287,731,3442977,139658,0.012987013
7/16/2020,64516,914,3507493,140572,0.014167028
7/17/2020,72389,1122,3579882,141694,0.015499592
7/18/2020,69181,1089,3649063,142783,0.015741316
7/19/2020,76952,1081,3726015,143864,0.014047718
7/20/2020,67324,1005,3793339,144869,0.014927812
7/21/2020,60012,932,3853351,145801,0.015530227
7/22/2020,58519,867,3911870,146668,0.014815701
7/23/2020,63336,1193,3975206,147861,0.018836049
7/24/2020,72416,1191,4047622,149052,0.016446642
7/25/2020,73142,1254,4120764,150306,0.017144732
7/26/2020,73152,1284,4193916,151590,0.017552493
7/27/2020,61596,1148,4255512,152738,0.018637574
7/28/2020,57759,951,4313271,153689,0.016464966
7/29/2020,54007,936,4367278,154625,0.017331087
7/30/2020,58708,1163,4425986,155788,0.019809907
7/31/2020,64855,1179,4490841,156967,0.018179015
8/1/2020,66141,1400,4556982,158367,0.021166901
8/2/2020,68184,1369,4625166,159736,0.020078024
8/3/2020,56412,1164,4681578,160900,0.020633908
8/4/2020,50849,922,4732427,161822,0.018132117
8/5/2020,45329,853,4777756,162675,0.018817975
8/6/2020,52056,1072,4829812,163747,0.020593207
8/7/2020,55592,1260,4885404,165007,0.022665132
8/8/2020,53165,1211,4938569,166218,0.022778144
8/9/2020,62506,1317,5001075,167535,0.021069977
8/10/2020,51679,1043,5052754,168578,0.020182279
8/11/2020,46473,900,5099227,169478,0.019366084
8/12/2020,43377,795,5142604,170273,0.018327685
8/13/2020,58958,1098,5201562,171371,0.018623427
8/14/2020,54392,1326,5255954,172697,0.024378585
8/15/2020,51522,1195,5307476,173892,0.023193975
8/16/2020,56261,1047,5363737,174939,0.018609694
8/17/2020,51137,952,5414874,175891,0.018616657
8/18/2020,41495,889,5456369,176780,0.021424268
8/19/2020,41589,637,5497958,177417,0.01531655
8/20/2020,41625,928,5539583,178345,0.022294294
8/21/2020,46574,1264,5586157,179609,0.027139606
8/22/2020,46187,1000,5632344,180609,0.021651114
8/23/2020,47181,1007,5679525,181616,0.021343337
8/24/2020,42550,1006,5722075,182622,0.023642773
8/25/2020,36210,836,5758285,183458,0.023087545
8/26/2020,35716,584,5794001,184042,0.016351215
8/27/2020,40574,880,5834575,184922,0.021688766
8/28/2020,46430,1062,5881005,185984,0.022873142
8/29/2020,46920,940,5927925,186924,0.020034101
8/30/2020,46546,1035,5974471,187959,0.022236068
8/31/2020,40908,839,6015379,188798,0.020509436
9/1/2020,36635,717,6052014,189515,0.019571448
9/2/2020,38696,553,6090710,190068,0.014290883
9/3/2020,39178,860,6129888,190928,0.021951095
9/4/2020,43647,884,6173535,191812,0.020253397
9/5/2020,45272,948,6218807,192760,0.020940095
9/6/2020,50917,904,6269724,193664,0.017754385
9/7/2020,41129,801,6310853,194465,0.019475309
9/8/2020,34237,685,6345090,195150,0.020007594
9/9/2020,24876,417,6369966,195567,0.016763145
9/10/2020,28054,553,6398020,196120,0.019711984
9/11/2020,34660,826,6432680,196946,0.023831506
9/12/2020,38583,832,6471263,197778,0.021563901
9/13/2020,44082,863,6515345,198641,0.019577152
9/14/2020,40371,662,6555716,199303,0.016397909
9/15/2020,32888,720,6588604,200023,0.021892484
9/16/2020,34336,359,6622940,200382,0.010455499
9/17/2020,36815,801,6659755,201183,0.021757436
9/18/2020,43910,1099,6703665,202282,0.025028467
9/19/2020,44530,732,6748195,203014,0.016438356
9/20/2020,48127,803,6796322,203817,0.016685021
9/21/2020,42181,674,6838503,204491,0.015978758
9/22/2020,34450,484,6872953,204975,0.014049347
9/23/2020,41398,537,6914351,205512,0.012971641
9/24/2020,49528,660,6963879,206172,0.013325796
9/25/2020,41641,903,7005520,207075,0.021685358
9/26/2020,45961,740,7051481,207815,0.016100607
9/27/2020,49615,778,7101096,208593,0.015680742
9/28/2020,42035,664,7143131,209257,0.01579636
9/29/2020,35551,502,7178682,209759,0.014120559
9/30/2020,38402,400,7217084,210159,0.010416124
10/1/2020,38881,795,7255965,210954,0.020447005
10/2/2020,45920,686,7301885,211640,0.014939024
10/3/2020,46624,733,7348509,212373,0.015721517
10/4/2020,50935,907,7399444,213280,0.017807009
10/5/2020,47727,565,7447171,213845,0.011838163
10/6/2020,35774,598,7482945,214443,0.016716051
10/7/2020,41602,508,7524547,214951,0.012210951
10/8/2020,41654,635,7566201,215586,0.015244634
10/9/2020,52594,782,7618795,216368,0.014868616
10/10/2020,56104,735,7674899,217103,0.01310067
10/11/2020,58794,792,7733693,217895,0.013470762
10/12/2020,54216,681,7787909,218576,0.012560868
10/13/2020,44423,573,7832332,219149,0.012898724
10/14/2020,49144,497,7881476,219646,0.010113137
10/15/2020,50497,652,7931973,220298,0.012911658
10/16/2020,57229,821,7989202,221119,0.014345874
10/17/2020,63046,697,8052248,221816,0.01105542
10/18/2020,69079,880,8121327,222696,0.012739038
10/19/2020,54548,693,8175875,223389,0.012704407
10/20/2020,48887,733,8224762,224122,0.014993761
10/21/2020,61362,612,8286124,224734,0.009973599
10/22/2020,58741,791,8344865,225525,0.013465893
10/23/2020,68657,1059,8413522,226584,0.015424502
10/24/2020,74903,916,8488425,227500,0.01222915
10/25/2020,82340,919,8570765,228419,0.01116104
10/26/2020,76181,836,8646946,229255,0.010973865
10/27/2020,65610,601,8712556,229856,0.009160189
10/28/2020,69584,682,8782140,230538,0.009801104
10/29/2020,74961,896,8857101,231434,0.011952882
10/30/2020,84410,1063,8941511,232497,0.012593295
10/31/2020,91130,1110,9032641,233607,0.012180402
11/1/2020,97518,908,9130159,234515,0.009311102
11/2/2020,92783,942,9222942,235457,0.010152722
11/3/2020,141582,708,9364524,236165,0.005000636
11/4/2020,87188,738,9451712,236903,0.008464468
11/5/2020,98499,1031,9550211,237934,0.010467111
11/6/2020,113875,1298,9664086,239232,0.011398463
11/7/2020,122830,1227,9786916,240459,0.009989416
11/8/2020,133337,1260,9920253,241719,0.00944974
11/9/2020,129810,1095,10050063,242814,0.008435406
11/10/2020,111648,882,10161711,243696,0.007899828
11/11/2020,124487,930,10286198,244626,0.00747066
11/12/2020,145951,1674,10432149,246300,0.011469603
11/13/2020,153660,1518,10585809,247818,0.009878954
11/14/2020,162300,1347,10748109,249165,0.008299445
11/15/2020,176989,1271,10925098,250436,0.007181237
11/16/2020,164239,1472,11089337,251908,0.008962548
11/17/2020,137564,1027,11226901,252935,0.007465616
11/18/2020,153374,1018,11380275,253953,0.00663737
11/19/2020,167352,1591,11547627,255544,0.009506908
11/20/2020,170904,1833,11718531,257377,0.010725319
11/21/2020,188681,1920,11907212,259297,0.010175905
11/22/2020,193369,1959,12100581,261256,0.01013089
11/23/2020,173861,1724,12274442,262980,0.009915967
11/24/2020,149783,1303,12424225,264283,0.008699252
11/25/2020,160411,1413,12584636,265696,0.008808623
11/26/2020,175183,1889,12759819,267585,0.01078301
11/27/2020,194100,2289,12953919,269874,0.01179289
11/28/2020,145029,1674,13098948,271548,0.011542519
11/29/2020,164034,1658,13262982,273206,0.010107661
11/30/2020,144575,1506,13407557,274712,0.010416739
12/1/2020,141072,1281,13548629,275993,0.00908047
12/2/2020,151905,1546,13700534,277539,0.010177414
12/3/2020,192718,2379,13893252,279918,0.012344462
12/4/2020,210074,2756,14103326,282674,0.013119187
12/5/2020,216782,2740,14320108,285414,0.012639426
12/6/2020,223806,2593,14543914,288007,0.011585927
12/7/2020,205575,2376,14749489,290383,0.011557826
12/8/2020,176909,1588,14926398,291971,0.008976366
12/9/2020,183091,1973,15109489,293944,0.010776062
12/10/2020,226982,2561,15336471,296505,0.011282833
12/11/2020,221251,3323,15557722,299828,0.015019141
12/12/2020,208835,2705,15766557,302533,0.01295281
12/13/2020,245839,3188,16012396,305721,0.012967837
12/14/2020,217153,2440,16229549,308161,0.011236317
12/15/2020,181275,2037,16410824,310198,0.011237071
12/16/2020,198204,1955,16609028,312153,0.009863575
12/17/2020,198650,2758,16807678,314911,0.013883715
12/18/2020,240266,3389,17047944,318300,0.0141052
12/19/2020,246505,3338,17294449,321638,0.013541307
12/20/2020,235875,2949,17530324,324587,0.012502385
12/21/2020,202289,2727,17732613,327314,0.013480713
12/22/2020,186429,2090,17919042,329404,0.011210702
12/23/2020,183553,2129,18102595,331533,0.01159883
12/24/2020,197759,2891,18300354,334424,0.014618804
12/25/2020,226200,3238,18526554,337662,0.014314766
12/26/2020,202550,3021,18729104,340683,0.014914836
12/27/2020,161342,2237,18890446,342920,0.013864958
12/28/2020,147119,1650,19037565,344570,0.011215411
12/29/2020,154342,1903,19191907,346473,0.012329761
12/30/2020,176774,2180,19368681,348653,0.01233213
12/31/2020,208904,3351,19577585,352004,0.016040861
1/1/2021,235818,3763,19813403,355767,0.015957221
1/2/2021,229492,3754,20042895,359521,0.016357869
1/3/2021,228546,3049,20271441,362570,0.013340859
1/4/2021,225318,2384,20496759,364954,0.010580602
1/5/2021,205458,2044,20702217,366998,0.009948505
1/6/2021,174314,2029,20876531,369027,0.011639914
1/7/2021,242441,3496,21118972,372523,0.014420003
1/8/2021,257750,3855,21376722,376378,0.014956353
1/9/2021,269765,3978,21646487,380356,0.014746168
1/10/2021,292105,3711,21938592,384067,0.012704336
1/11/2021,256294,3411,22194886,387478,0.013308934
1/12/2021,224484,2555,22419370,390033,0.011381657
1/13/2021,204122,2534,22623492,392567,0.012414144
1/14/2021,217776,3600,22841268,396167,0.016530747
1/15/2021,226378,4066,23067646,400233,0.017961109
1/16/2021,223583,3762,23291229,403995,0.016825966
1/17/2021,237318,3384,23528547,407379,0.014259348
1/18/2021,209511,3549,23738058,410928,0.016939445
1/19/2021,186583,2600,23924641,413528,0.013934817
1/20/2021,154205,2250,24078846,415778,0.014590967
1/21/2021,150233,2738,24229079,418516,0.018225024
1/22/2021,188266,3826,24417345,422342,0.02032231
1/23/2021,187644,3853,24604989,426195,0.020533564
1/24/2021,189419,3679,24794408,429874,0.01942255
1/25/2021,165512,3073,24959920,432947,0.01856663
1/26/2021,141554,2477,25101474,435424,0.017498622
1/27/2021,135591,2037,25237065,437461,0.015023121
1/28/2021,145943,3576,25383008,441037,0.024502717
1/29/2021,158965,3950,25541973,444987,0.024848237
1/30/2021,156822,3870,25698795,448857,0.02467766
1/31/2021,164238,3266,25863033,452123,0.019885776
2/1/2021,138823,2827,26001856,454950,0.020364061
2/2/2021,111938,2291,26113794,457241,0.020466687
2/3/2021,129043,2229,26242837,459470,0.017273312
2/4/2021,121330,2947,26364167,462417,0.024289129
2/5/2021,108669,3280,26472836,465697,0.030183401
2/6/2021,122620,3127,26595456,468824,0.02550155
2/7/2021,124827,3399,26720283,472223,0.027229686
2/8/2021,110180,2803,26830463,475026,0.025440189
2/9/2021,92931,1771,26923394,476797,0.01905715
2/10/2021,80726,1668,27004120,478465,0.020662488
2/11/2021,91417,2470,27095537,480935,0.027019045
2/12/2021,98339,2813,27193876,483748,0.028605131
2/13/2021,99548,3252,27293424,487000,0.032667658
2/14/2021,97431,5061,27390855,492061,0.051944453
2/15/2021,85221,3316,27476076,495377,0.038910597
2/16/2021,67413,1572,27543489,496949,0.023318944
2/17/2021,58066,1387,27601555,498336,0.023886612
2/18/2021,56871,1407,27658426,499743,0.024740202
2/19/2021,63770,2181,27722196,501924,0.034201035
2/20/2021,68568,2247,27790764,504171,0.032770389
2/21/2021,73576,2322,27864340,506493,0.031559204
2/22/2021,65510,1839,27929850,508332,0.02807205
2/23/2021,56628,1525,27986478,509857,0.026930141
2/24/2021,55821,1487,28042299,511344,0.02663872
2/25/2021,70162,1718,28112461,513062,0.024486189
2/26/2021,72358,1975,28184819,515037,0.02729484
2/27/2021,71998,2850,28256817,517887,0.039584433
2/28/2021,73274,1966,28330091,519853,0.026830799
3/1/2021,68298,1634,28398389,521487,0.023924566
3/2/2021,52570,1026,28450959,522513,0.019516835
3/3/2021,51114,1323,28502073,523836,0.02588332
3/4/2021,53761,1128,28555834,524964,0.020981753
3/5/2021,66043,1896,28621877,526860,0.028708569
3/6/2021,64859,1515,28686736,528375,0.023358362
3/7/2021,64094,1924,28750830,530299,0.03001841
3/8/2021,57710,1277,28808540,531576,0.022127881
3/9/2021,43758,895,28852298,532471,0.020453403
3/10/2021,42703,802,28895001,533273,0.018780882
3/11/2021,54088,1201,28949089,534474,0.022204556
3/12/2021,61755,1576,29010844,536050,0.025520201
3/13/2021,59764,1317,29070608,537367,0.022036678
3/14/2021,64222,1491,29134830,538858,0.023216343
3/15/2021,52274,958,29187104,539816,0.01832651
3/16/2021,47230,651,29234334,540467,0.013783612
3/17/2021,43532,693,29277866,541160,0.015919324
3/18/2021,51806,853,29329672,542013,0.016465274
3/19/2021,59588,1075,29389260,543088,0.018040545
3/20/2021,63099,956,29452359,544044,0.015150795
3/21/2021,62022,1078,29514381,545122,0.017380929
3/22/2021,58456,718,29572837,545840,0.012282743
3/23/2021,45228,553,29618065,546393,0.012226939
3/24/2021,48228,938,29666293,547331,0.019449283
3/25/2021,57684,753,29723977,548084,0.01305388
3/26/2021,68021,1126,29791998,549210,0.016553711
3/27/2021,65367,981,29857365,550191,0.015007573
3/28/2021,74834,1042,29932199,551233,0.013924152
3/29/2021,63203,851,29995402,552084,0.013464551
3/30/2021,53256,618,30048658,552702,0.011604326
3/31/2021,58014,548,30106672,553250,0.009445996
4/1/2021,61789,729,30168461,553979,0.011798217
4/2/2021,69567,948,30238028,554927,0.013627151
4/3/2021,73685,816,30311713,555743,0.011074167
4/4/2021,70446,842,30382159,556585,0.011952417
4/5/2021,63695,708,30445854,557293,0.011115472
4/6/2021,45722,532,30491576,557825,0.011635537
4/7/2021,56400,362,30547976,558187,0.00641844
4/8/2021,63657,749,30611633,558936,0.011766184
4/9/2021,74627,821,30686260,559757,0.01100138
4/10/2021,75434,867,30761694,560624,0.011493491
4/11/2021,76415,864,30838109,561488,0.011306681
4/12/2021,68111,740,30906220,562228,0.010864618
4/13/2021,53239,468,30959459,562696,0.008790548
4/14/2021,60435,533,31019894,563229,0.008819393
4/15/2021,72206,751,31092100,563980,0.010400798
4/16/2021,70654,782,31162754,564762,0.011068022
4/17/2021,71498,794,31234252,565556,0.011105206
4/18/2021,71074,807,31305326,566363,0.011354363
4/19/2021,77212,627,31382538,566990,0.008120499
4/20/2021,49337,499,31431875,567489,0.010114113
4/21/2021,35281,463,31467156,567952,0.013123211
4/22/2021,57318,746,31524474,568698,0.013015109
4/23/2021,63049,767,31587523,569465,0.012165141
4/24/2021,61479,784,31649002,570249,0.012752322
4/25/2021,62419,835,31711421,571084,0.013377337
4/26/2021,51698,654,31763119,571738,0.012650393
4/27/2021,40847,435,31803966,572173,0.010649497
4/28/2021,30199,467,31834165,572640,0.015464088
4/29/2021,50313,546,31884478,573186,0.010852066
4/30/2021,54396,832,31938874,574018,0.015295242
5/1/2021,55643,753,31994517,574771,0.0135327
5/2/2021,55311,806,32049828,575577,0.014572147
5/3/2021,48352,616,32098180,576193,0.012739907
5/4/2021,36593,500,32134773,576693,0.013663815
5/5/2021,32953,470,32167726,577163,0.014262738
5/6/2021,42552,674,32210278,577837,0.015839444
5/7/2021,44541,714,32254819,578551,0.016030174
5/8/2021,42692,671,32297511,579222,0.01571723
5/9/2021,44641,806,32342152,580028,0.018055151
5/10/2021,37021,609,32379173,580637,0.016450123
5/11/2021,27538,408,32406711,581045,0.014815891
5/12/2021,24383,395,32431094,581440,0.016199811
5/13/2021,33073,598,32464167,582038,0.018081214
5/14/2021,35784,679,32499951,582717,0.018974961
5/15/2021,40435,583,32540386,583300,0.014418202
5/16/2021,35116,701,32575502,584001,0.01996241
5/17/2021,29837,442,32605339,584443,0.014813822
5/18/2021,21375,437,32626714,584880,0.020444444
5/19/2021,19453,362,32646167,585242,0.018608955
5/20/2021,27639,610,32673806,585852,0.022070263
5/21/2021,27491,583,32701297,586435,0.02120694
5/22/2021,27948,541,32729245,586976,0.019357378
5/23/2021,27866,649,32757111,587625,0.023290031
5/24/2021,22224,409,32779335,588034,0.018403528
5/25/2021,16030,287,32795365,588321,0.01790393
5/26/2021,14761,555,32810126,588876,0.037599079
5/27/2021,24571,518,32834697,589394,0.021081763
5/28/2021,23475,517,32858172,589911,0.022023429
5/29/2021,21970,545,32880142,590456,0.024806554
5/30/2021,24780,703,32904922,591159,0.028369653
5/31/2021,15628,301,32920550,591460,0.019260302
6/1/2021,12350,254,32932900,591714,0.020566802
6/2/2021,9408,232,32942308,591946,0.024659864
6/3/2021,8935,332,32951243,592278,0.037157247
6/4/2021,16048,492,32967291,592770,0.030658026
6/5/2021,18151,478,32985442,593248,0.026334637
6/6/2021,18592,586,33004034,593834,0.031518933
6/7/2021,14734,394,33018768,594228,0.026740871
6/8/2021,11084,423,33029852,594651,0.038163118
6/9/2021,9898,322,33039750,594973,0.032531825
6/10/2021,14314,313,33054064,595286,0.021866704
6/11/2021,19640,387,33073704,595673,0.019704684
6/12/2021,15924,382,33089628,596055,0.023988948
6/13/2021,13971,403,33103599,596458,0.028845466
6/14/2021,12350,208,33115949,596666,0.016842105
6/15/2021,8721,152,33124670,596818,0.017429194
6/16/2021,8275,199,33132945,597017,0.024048338
6/17/2021,12616,316,33145561,597333,0.025047559
6/18/2021,13220,336,33158781,597669,0.025416036
6/19/2021,13484,279,33172265,597948,0.02069119
6/20/2021,11961,272,33184226,598220,0.022740574
6/21/2021,12350,251,33196576,598471,0.020323887
6/22/2021,9047,223,33205623,598694,0.024649055
6/23/2021,8568,266,33214191,598960,0.031045752
6/24/2021,13288,308,33227479,599268,0.023178808
6/25/2021,13841,326,33241320,599594,0.023553211
6/26/2021,15572,315,33256892,599909,0.020228615
6/27/2021,14971,412,33271863,600321,0.027519872
6/28/2021,13294,242,33285157,600563,0.018203701
6/29/2021,10676,173,33295833,600736,0.016204571
6/30/2021,10438,183,33306271,600919,0.017532094
7/1/2021,15514,282,33321785,601201,0.01817713
7/2/2021,11639,244,33333424,601445,0.020964
7/3/2021,18586,289,33352010,601734,0.015549338
7/4/2021,16890,304,33368900,602038,0.017998816
7/5/2021,13189,152,33382089,602190,0.011524755
7/6/2021,10459,125,33392548,602315,0.011951429
7/7/2021,9147,103,33401695,602418,0.011260523
7/8/2021,19962,301,33421657,602719,0.015078649
7/9/2021,22636,250,33444293,602969,0.011044354
7/10/2021,183538,262,33627831,603231,0.001427497
7/11/2021,27579,316,33655410,603547,0.011457993
7/12/2021,20875,149,33676285,603696,0.007137725
7/13/2021,16722,119,33693007,603815,0.007116374
7/14/2021,28892,295,33721899,604110,0.010210439
7/15/2021,34978,337,33756877,604447,0.009634627
7/16/2021,38299,342,33795176,604789,0.008929737
7/17/2021,40555,319,33835731,605108,0.007865861
7/18/2021,42258,370,33877989,605478,0.008755739
7/19/2021,32139,183,33910128,605661,0.005694017
7/20/2021,27993,146,33938121,605807,0.00521559
7/21/2021,45195,284,33983316,606091,0.006283881
7/22/2021,51040,320,34034356,606411,0.006269592
7/23/2021,61313,399,34095669,606810,0.006507592
7/24/2021,71708,338,34167377,607148,0.004713561
7/25/2021,69639,414,34237016,607562,0.005944945
7/26/2021,53795,254,34290811,607816,0.004721628
7/27/2021,43206,249,34334017,608065,0.005763088
7/28/2021,71245,411,34405262,608476,0.005768826
7/29/2021,85805,499,34491067,608975,0.005815512
7/30/2021,89149,494,34580216,609469,0.005541285
7/31/2021,99367,495,34679583,609964,0.004981533
8/1/2021,104519,525,34784102,610489,0.00502301
8/2/2021,80567,395,34864669,610884,0.004902752
8/3/2021,61188,370,34925857,611254,0.006046937
8/4/2021,102409,656,35028266,611910,0.006405687
8/5/2021,110283,700,35138549,612610,0.006347306
8/6/2021,126833,741,35265382,613351,0.005842328
8/7/2021,127854,753,35393236,614104,0.00588953
8/8/2021,133922,838,35527158,614942,0.006257374
8/9/2021,120252,648,35647410,615590,0.005388684
8/10/2021,96790,527,35744200,616117,0.005444777
8/11/2021,93050,720,35837250,616837,0.007737775
8/12/2021,135427,961,35972677,617798,0.007096074
8/13/2021,143479,612,36116156,618410,0.004265433
8/14/2021,151161,973,36267317,619383,0.006436845
8/15/2021,146305,1196,36413622,620579,0.008174704
8/16/2021,139848,904,36553470,621483,0.006464161
8/17/2021,110712,679,36664182,622162,0.00613303
8/18/2021,108955,845,36773137,623007,0.007755495
8/19/2021,150448,1193,36923585,624200,0.00792965
8/20/2021,168162,1497,37091747,625697,0.00890213
8/21/2021,174382,1381,37266129,627078,0.007919395
8/22/2021,167459,1556,37433588,628634,0.009291827
8/23/2021,141824,1169,37575412,629803,0.008242611
8/24/2021,124481,899,37699893,630702,0.007221986
8/25/2021,120825,1205,37820718,631907,0.009973102
8/26/2021,162414,1655,37983132,633562,0.010190008
8/27/2021,176904,1658,38160036,635220,0.009372315
8/28/2021,186271,1760,38346307,636980,0.009448599
8/29/2021,182171,1837,38528478,638817,0.010083932
8/30/2021,150022,1460,38678500,640277,0.009731906
8/31/2021,115672,1183,38794172,641460,0.010227194
9/1/2021,138600,1243,38932772,642703,0.008968254
9/2/2021,176801,1807,39109573,644510,0.01022053
9/3/2021,197627,2015,39307200,646525,0.010195975
9/4/2021,183417,2028,39490617,648553,0.011056772
9/5/2021,182112,1973,39672729,650526,0.010833992
9/6/2021,141762,1490,39814491,652016,0.010510574
9/7/2021,123082,1324,39937573,653340,0.010757056
9/8/2021,116004,1092,40053577,654432,0.009413469
9/9/2021,114676,1522,40168253,655954,0.013272176
9/10/2021,171241,2119,40339494,658073,0.012374373
9/11/2021,183714,2246,40523208,660319,0.012225524
9/12/2021,172091,2292,40695299,662611,0.013318535
9/13/2021,153543,1739,40848842,664350,0.011325818
9/14/2021,113838,1140,40962680,665490,0.010014231
9/15/2021,118971,1352,41081651,666842,0.011364114
9/16/2021,162147,2413,41243798,669255,0.014881558
9/17/2021,163128,2499,41406926,671754,0.015319258
9/18/2021,167335,2108,41574261,673862,0.012597484
9/19/2021,158492,2339,41732753,676201,0.014757843
9/20/2021,122574,1589,41855327,677790,0.012963598
9/21/2021,94644,1194,41949971,678984,0.012615697
9/22/2021,98378,1368,42048349,680352,0.013905548
9/23/2021,132981,2345,42181330,682697,0.017634098
9/24/2021,132730,2350,42314060,685047,0.017705116
9/25/2021,138256,2073,42452316,687120,0.014993924
9/26/2021,132731,2465,42585047,689585,0.018571396
9/27/2021,96166,1435,42681213,691020,0.014922114
9/28/2021,75238,1019,42756451,692039,0.013543688
9/29/2021,107319,1957,42863770,693996,0.018235354
9/30/2021,115452,2155,42979222,696151,0.018665766
10/1/2021,116797,2253,43096019,698404,0.019289879
10/2/2021,124042,1962,43220061,700366,0.015817223
10/3/2021,120674,2211,43340735,702577,0.018322091
10/4/2021,81968,1287,43422703,703864,0.015701249
10/5/2021,66639,942,43489342,704806,0.014135866
10/6/2021,91816,1356,43581158,706162,0.014768668
10/7/2021,101799,2055,43682957,708217,0.020186839
10/8/2021,118223,2053,43801180,710270,0.017365487
10/9/2021,113038,1738,43914218,712008,0.01537536
10/10/2021,108501,2253,44022719,714261,0.020764786
10/11/2021,70589,1051,44093308,715312,0.014889005
10/12/2021,58449,1013,44151757,716325,0.017331349
10/13/2021,77961,1024,44229718,717349,0.013134773
10/14/2021,89638,1914,44319356,719263,0.021352551
10/15/2021,96312,1846,44415668,721109,0.019166874
10/16/2021,96871,1576,44512539,722685,0.016269059
10/17/2021,92417,2038,44604956,724723,0.02205222
10/18/2021,63002,892,44667958,725615,0.014158281
10/19/2021,47645,695,44715603,726310,0.01458705
10/20/2021,72322,2330,44787925,728640,0.032217029
10/21/2021,80595,1849,44868520,730489,0.02294187
10/22/2021,76534,1841,44945054,732330,0.024054669
10/23/2021,87571,1523,45032625,733853,0.017391602
10/24/2021,80874,1961,45113499,735814,0.024247595
10/25/2021,36114,654,45149613,736468,0.01810932
10/26/2021,28057,347,45177670,736815,0.01236768
10/27/2021,84460,1030,45262130,737845,0.012195122
10/28/2021,101787,2052,45363917,739897,0.020159745
10/29/2021,84199,1765,45448116,741662,0.020962244
10/30/2021,103121,1277,45551237,742939,0.012383511
10/31/2021,88448,1790,45639685,744729,0.02023788
11/1/2021,34950,453,45674635,745182,0.012961373
11/2/2021,25347,302,45699982,745484,0.011914625
11/3/2021,117847,1196,45817829,746680,0.010148752
11/4/2021,74593,1450,45892422,748130,0.019438821
11/5/2021,78766,1188,45971188,749318,0.01508265
11/6/2021,88850,1204,46060038,750522,0.013550929
11/7/2021,89858,1614,46149896,752136,0.017961673
11/8/2021,35987,476,46185883,752612,0.013226999
11/9/2021,31524,256,46217407,752868,0.008120797
11/10/2021,116391,1161,46333798,754029,0.009974998
11/11/2021,82883,1587,46416681,755616,0.019147473
11/12/2021,93749,1345,46510430,756961,0.01434682
11/13/2021,73647,970,46584077,757931,0.013170937
11/14/2021,122999,1734,46707076,759665,0.014097676
11/15/2021,69276,544,46776352,760209,0.007852647
11/16/2021,33593,217,46809945,760426,0.006459679
11/17/2021,133590,1080,46943535,761506,0.008084437
11/18/2021,96915,1464,47040450,762970,0.015106021
11/19/2021,105810,1442,47146260,764412,0.013628201
11/20/2021,123870,3867,47270130,768279,0.031218213
11/21/2021,113822,1662,47383952,769941,0.014601747
11/22/2021,46194,374,47430146,770315,0.00809629
11/23/2021,38751,177,47468897,770492,0.004567624
11/24/2021,145378,1177,47614275,771669,0.008096136
11/25/2021,101066,1560,47715341,773229,0.015435458
11/26/2021,106535,1374,47821876,774603,0.01289717
11/27/2021,72723,465,47894599,775068,0.006394126
11/28/2021,81747,563,47976346,775631,0.006887103
11/29/2021,51800,214,48028146,775845,0.004131274
11/30/2021,56537,193,48084683,776038,0.003413694
12/1/2021,93479,1663,48178162,777701,0.017790092
12/2/2021,120690,1622,48298852,779323,0.01343939
12/3/2021,133075,1727,48431927,781050,0.012977644
12/4/2021,143869,1244,48575796,782294,0.008646755
12/5/2021,151567,1641,48727363,783935,0.010826895
12/6/2021,67352,572,48794715,784507,0.008492695
12/7/2021,55314,281,48850029,784788,0.005080088
12/8/2021,184043,1288,49034072,786076,0.006998365
12/9/2021,125548,1832,49159620,787908,0.014592029
12/10/2021,129708,1480,49289328,789388,0.011410245
12/11/2021,137431,1162,49426759,790550,0.008455152
12/12/2021,135573,1971,49562332,792521,0.014538293
12/13/2021,63967,490,49626299,793011,0.0076602
12/14/2021,58109,306,49684408,793317,0.005265966
12/15/2021,185683,1312,49870091,794629,0.007065806
12/16/2021,125442,1908,49995533,796537,0.015210217
12/17/2021,146477,1900,50142010,798437,0.01297132
12/18/2021,162668,1115,50304678,799552,0.006854452
12/19/2021,156763,2034,50461441,801586,0.012975
12/20/2021,87584,590,50549025,802176,0.00673639
12/21/2021,102213,286,50651238,802462,0.002798079
12/22/2021,266159,1467,50917397,803929,0.005511743
12/23/2021,203318,2259,51120715,806188,0.011110674
12/24/2021,237883,1854,51358598,808042,0.007793747
12/25/2021,278812,3177,51637410,811219,0.011394775
12/26/2021,241450,1368,51878860,812587,0.005665769
12/27/2021,115824,262,51994684,812849,0.002262053
12/28/2021,211284,266,52205968,813115,0.001258969
12/29/2021,464495,1786,52670463,814901,0.003845036
12/30/2021,389514,2331,53059977,817232,0.005984381
12/31/2021,474309,1823,53534286,819055,0.003843486
1/1/2022,584647,1334,54118933,820389,0.002281719
1/2/2022,471965,1344,54590898,821733,0.002847669
1/3/2022,302957,430,54893855,822163,0.001419343
1/4/2022,390858,374,55284713,822537,0.000956869
1/5/2022,902391,1672,56187104,824209,0.001852855
1/6/2022,732514,2840,56919618,827049,0.003877059
1/7/2022,702790,1846,57622408,828895,0.002626674
1/8/2022,798436,2088,58420844,830983,0.002615113
1/9/2022,852951,2466,59273795,833449,0.002891139
1/10/2022,448743,869,59722538,834318,0.00193652
1/11/2022,486541,699,60209079,835017,0.001436672
1/12/2022,1265520,1962,61474599,836979,0.001550351
1/13/2022,803539,3189,62278138,840168,0.003968693
1/14/2022,855880,2480,63134018,842648,0.002897602
1/15/2022,892303,2179,64026321,844827,0.002441996
1/16/2022,898407,3002,64924728,847829,0.00334147
1/17/2022,465957,1380,65390685,849209,0.002961647
1/18/2022,418737,873,65809422,850082,0.002084841
1/19/2022,968465,1453,66777887,851535,0.001500312
1/20/2022,856293,2642,67634180,854177,0.003085392
1/21/2022,780466,3259,68414646,857436,0.00417571
1/22/2022,776490,2901,69191136,860337,0.003736043
1/23/2022,776480,3800,69967616,864137,0.00489388
1/24/2022,328564,1218,70296180,865355,0.00370704
1/25/2022,314947,960,70611127,866315,0.003048132
1/26/2022,1011148,2784,71622275,869099,0.002753306
1/27/2022,493232,3530,72115507,872629,0.007156875
1/28/2022,545225,3409,72660732,876038,0.006252465
1/29/2022,572820,2898,73233552,878936,0.005059181
1/30/2022,523326,3604,73756878,882540,0.006886721
1/31/2022,222172,1516,73979050,884056,0.006823542
2/1/2022,158214,925,74137264,884981,0.005846512
2/2/2022,576521,2779,74713785,887760,0.004820293
2/3/2022,296458,4076,75010243,891836,0.013748996
2/4/2022,303405,3218,75313648,895054,0.010606285
2/5/2022,350050,2715,75663698,897769,0.007756035
2/6/2022,281890,3425,75945588,901194,0.012150129
2/7/2022,104762,1254,76050350,902448,0.011969989
2/8/2022,96578,714,76146928,903162,0.007392988
2/9/2022,305358,3301,76452286,906463,0.010810262
2/10/2022,197921,3804,76650207,910267,0.01921979
2/11/2022,196394,3005,76846601,913272,0.015300875
2/12/2022,165790,2579,77012391,915851,0.015555824
2/13/2022,155309,2893,77167700,918744,0.018627382
2/14/2022,67888,969,77235588,919713,0.014273509
2/15/2022,47904,727,77283492,920440,0.015176186
2/16/2022,174293,2973,77457785,923413,0.017057484
2/17/2022,108080,3370,77565865,926783,0.031180607
2/18/2022,105714,2708,77671579,929491,0.025616285
2/19/2022,100475,2316,77772054,931807,0.02305051
2/20/2022,103802,2309,77875856,934116,0.022244273
2/21/2022,40797,716,77916653,934832,0.01755031
2/22/2022,31174,588,77947827,935420,0.018861872
2/23/2022,48413,1100,77996240,936520,0.02272117
2/24/2022,115022,3252,78111262,939772,0.028272852
2/25/2022,73662,2611,78184924,942383,0.035445684
2/26/2022,75062,2488,78259986,944871,0.033145933
2/27/2022,74142,2291,78334128,947162,0.030900165
2/28/2022,25662,576,78359790,947738,0.022445639
3/1/2022,18169,360,78377959,948098,0.019813969
3/2/2022,76237,2302,78454196,950400,0.030195312
3/3/2022,63819,1971,78518015,952371,0.030884219
3/4/2022,52784,1536,78570799,953907,0.029099727
3/5/2022,51622,1364,78622421,955271,0.026422843
3/6/2022,44216,1569,78666637,956840,0.035484892
3/7/2022,14292,322,78680929,957162,0.022530087
3/8/2022,8941,367,78689870,957529,0.041046863
3/9/2022,57277,1530,78747147,959059,0.026712293
3/10/2022,31172,1735,78778319,960794,0.055658925
3/11/2022,46110,1957,78824429,962751,0.042441987
3/12/2022,39598,1258,78864027,964009,0.031769281
3/13/2022,36942,1437,78900969,965446,0.038898814
3/14/2022,12159,506,78913128,965952,0.041615264
3/15/2022,9126,195,78922254,966147,0.021367521
3/16/2022,60969,-2437,78983223,963710,-0.039971133
3/17/2022,24495,1443,79007718,965153,0.058909982
3/18/2022,37828,1500,79045546,966653,0.039653167
3/19/2022,33159,1066,79078705,967719,0.032148135
3/20/2022,31004,972,79109709,968691,0.031350793
3/21/2022,9881,200,79119590,968891,0.020240866
3/22/2022,10038,150,79129628,969041,0.014943216
3/23/2022,38828,789,79168456,969830,0.020320387
3/24/2022,24771,937,79193227,970767,0.037826491
3/25/2022,45160,1244,79238387,972011,0.027546501
3/26/2022,36077,895,79274464,972906,0.024808049
3/27/2022,28714,776,79303178,973682,0.027025145
3/28/2022,12511,180,79315689,973862,0.014387339
3/29/2022,9753,95,79325442,973957,0.009740593
3/30/2022,32427,686,79357869,974643,0.02115521
3/31/2022,24078,732,79381947,975375,0.030401196
4/1/2022,48239,1173,79430186,976548,0.024316424
4/2/2022,40063,704,79470249,977252,0.017572324
4/3/2022,27393,602,79497642,977854,0.021976417
4/4/2022,11677,148,79509319,978002,0.012674488
4/5/2022,10548,117,79519867,978119,0.01109215
4/6/2022,26930,322,79546797,978441,0.011956925
4/7/2022,33374,524,79580171,978965,0.015700845
4/8/2022,42256,944,79622427,979909,0.022340023
4/9/2022,33806,523,79656233,980432,0.015470627
4/10/2022,42601,889,79698834,981321,0.020868055
4/11/2022,14053,141,79712887,981462,0.010033445
4/12/2022,17314,69,79730201,981531,0.003985214
4/13/2022,34571,323,79764772,981854,0.009343091
4/14/2022,28789,733,79793561,982587,0.025461114
4/15/2022,46149,603,79839710,983190,0.013066372
4/16/2022,62708,710,79902418,983900,0.011322319
4/17/2022,44355,544,79946773,984444,0.012264683
4/18/2022,16817,49,79963590,984493,0.002913718
4/19/2022,18767,57,79982357,984550,0.003037246
4/20/2022,36003,366,80018360,984916,0.01016582
4/21/2022,53418,427,80071778,985343,0.00799356
4/22/2022,57408,547,80129186,985890,0.009528289
4/23/2022,49509,655,80178695,986545,0.013229918
4/24/2022,68799,342,80247494,986887,0.004971002
4/25/2022,23458,72,80270952,986959,0.003069315
4/26/2022,21103,61,80292055,987020,0.002890584
4/27/2022,49858,217,80341913,987237,0.004352361
4/28/2022,64414,384,80406327,987621,0.005961437
4/29/2022,77145,729,80483472,988350,0.009449738
4/30/2022,61915,288,80545387,988638,0.004651538
5/1/2022,80656,491,80626043,989129,0.006087582
5/2/2022,25939,90,80651982,989219,0.003469679
5/3/2022,26774,133,80678756,989352,0.004967506
5/4/2022,64100,180,80742856,989532,0.002808112
5/5/2022,72566,648,80815422,990180,0.008929802
5/6/2022,100537,804,80915959,990984,0.007997056
5/7/2022,80010,300,80995969,991284,0.003749531
5/8/2022,95732,486,81091701,991770,0.005076672
5/9/2022,27518,61,81119219,991831,0.002216731
5/10/2022,31753,63,81150972,991894,0.001984064
5/11/2022,100982,189,81251954,992083,0.001871621
5/12/2022,100249,393,81352203,992476,0.003920239
5/13/2022,127795,566,81479998,993042,0.004428968
5/14/2022,98705,262,81578703,993304,0.002654374
5/15/2022,117953,432,81696656,993736,0.003662476
5/16/2022,29099,79,81725755,993815,0.00271487
5/17/2022,46227,66,81771982,993881,0.001427737
5/18/2022,123395,231,81895377,994112,0.001872037
5/19/2022,129614,368,82024991,994480,0.002839199
5/20/2022,146420,606,82171411,995086,0.004138779
5/21/2022,109730,252,82281141,995338,0.002296546
5/22/2022,150010,479,82431151,995817,0.00319312
5/23/2022,36406,97,82467557,995914,0.002664396
5/24/2022,44879,67,82512436,995981,0.001492903
5/25/2022,110873,388,82623309,996369,0.003499499
5/26/2022,133342,471,82756651,996840,0.00353227
5/27/2022,153916,699,82910567,997539,0.004541438
5/28/2022,113174,327,83023741,997866,0.002889356
5/29/2022,148130,580,83171871,998446,0.00391548
5/30/2022,36051,87,83207922,998533,0.002413248
5/31/2022,35465,58,83243387,998591,0.001635415
6/1/2022,55525,78,83298912,998669,0.001404773
6/2/2022,155982,366,83454894,999035,0.002346425
6/3/2022,140951,575,83595845,999610,0.004079432
6/4/2022,111559,354,83707404,999964,0.003173209
6/5/2022,140094,461,83847498,1000425,0.003290648
6/6/2022,47471,87,83894969,1000512,0.001832698
6/7/2022,43315,127,83938284,1000639,0.00293201
6/8/2022,99664,297,84037948,1000936,0.002980013
6/9/2022,152307,476,84190255,1001412,0.003125267
6/10/2022,144559,642,84334814,1002054,0.004441093
6/11/2022,105965,264,84440779,1002318,0.002491389
6/12/2022,147763,391,84588542,1002709,0.002646129
6/13/2022,37707,144,84626249,1002853,0.00381892
6/14/2022,38721,91,84664970,1002944,0.002350146
6/15/2022,91358,286,84756328,1003230,0.003130541
6/16/2022,138010,419,84894338,1003649,0.003036012
6/17/2022,143175,569,85037513,1004218,0.003974157
6/18/2022,97574,301,85135087,1004519,0.003084838
6/19/2022,125711,392,85260798,1004911,0.003118263
6/20/2022,35853,96,85296651,1005007,0.0026776
6/21/2022,35517,115,85332168,1005122,0.003237886
6/22/2022,52244,140,85384412,1005262,0.002679734
6/23/2022,186492,513,85570904,1005775,0.002750788
6/24/2022,134198,625,85705102,1006400,0.004657297
6/25/2022,101869,492,85806971,1006892,0.004829732
6/26/2022,163464,520,85970435,1007412,0.003181129
6/27/2022,44012,107,86014447,1007519,0.002431155
6/28/2022,44178,76,86058625,1007595,0.001720313
6/29/2022,96530,256,86155155,1007851,0.002652025
6/30/2022,154793,625,86309948,1008476,0.00403765
7/1/2022,148959,555,86458907,1009031,0.003725857
7/2/2022,112856,476,86571763,1009507,0.004217764
7/3/2022,172444,547,86744207,1010054,0.003172044
7/4/2022,48178,138,86792385,1010192,0.002864378
7/5/2022,46196,87,86838581,1010279,0.00188328
7/6/2022,45747,119,86884328,1010398,0.002601263
7/7/2022,169689,469,87054017,1010867,0.00276388
7/8/2022,145751,601,87199768,1011468,0.004123471
7/9/2022,120595,491,87320363,1011959,0.004071479
7/10/2022,167613,549,87487976,1012508,0.003275402
7/11/2022,55577,106,87543553,1012614,0.001907264
7/12/2022,57136,111,87600689,1012725,0.001942733
7/13/2022,113656,279,87714345,1013004,0.002454776
7/14/2022,184135,651,87898480,1013655,0.00353545
7/15/2022,156001,711,88054481,1014366,0.004557663
7/16/2022,138983,455,88193464,1014821,0.003273782
7/17/2022,182741,472,88376205,1015293,0.002582891
7/18/2022,57577,154,88433782,1015447,0.002674679
7/19/2022,56070,173,88489852,1015620,0.003085429
7/20/2022,101687,351,88591539,1015971,0.003451769
7/21/2022,179375,705,88770914,1016676,0.003930314
7/22/2022,158884,675,88929798,1017351,0.004248382
7/23/2022,148445,494,89078243,1017845,0.003327832
7/24/2022,206657,635,89284900,1018480,0.003072724
7/25/2022,53259,159,89338159,1018639,0.002985411
7/26/2022,54599,173,89392758,1018812,0.003168556
7/27/2022,106403,303,89499161,1019115,0.002847664
7/28/2022,168680,631,89667841,1019746,0.003740811
7/29/2022,160831,696,89828672,1020442,0.004327524
7/30/2022,144834,520,89973506,1020962,0.003590317
7/31/2022,259377,631,90232883,1021593,0.002432752
8/1/2022,37913,137,90270796,1021730,0.003613536
8/2/2022,37944,118,90308740,1021848,0.003109846
8/3/2022,119038,400,90427778,1022248,0.003360272
8/4/2022,161349,720,90589127,1022968,0.004462377
8/5/2022,149835,715,90738962,1023683,0.004771916
8/6/2022,131403,560,90870365,1024243,0.004261699
8/7/2022,150569,611,91020934,1024854,0.00405794
8/8/2022,33241,162,91054175,1025016,0.0048735
8/9/2022,32807,121,91086982,1025137,0.003688237
8/10/2022,98627,337,91185609,1025474,0.003416914
8/11/2022,137268,800,91322877,1026274,0.005828015
8/12/2022,138358,774,91461235,1027048,0.005594183
8/13/2022,125122,587,91586357,1027635,0.004691421
8/14/2022,136195,661,91722552,1028296,0.004853335
8/15/2022,30589,132,91753141,1028428,0.004315277
8/16/2022,21098,117,91774239,1028545,0.005545549
8/17/2022,99341,343,91873580,1028888,0.003452754
8/18/2022,126626,730,92000206,1029618,0.005765009
8/19/2022,120016,759,92120222,1030377,0.006324157
8/20/2022,114305,536,92234527,1030913,0.004689209
8/21/2022,132950,614,92367477,1031527,0.004618278
8/22/2022,28624,141,92396101,1031668,0.004925936
8/23/2022,27897,129,92423998,1031797,0.004624153
8/24/2022,81700,308,92505698,1032105,0.00376989
8/25/2022,115986,675,92621684,1032780,0.005819668
8/26/2022,130588,766,92752272,1033546,0.005865776
8/27/2022,110093,538,92862365,1034084,0.004886778
8/28/2022,115441,664,92977806,1034748,0.005751856
8/29/2022,29176,162,93006982,1034910,0.005552509
8/30/2022,27073,129,93034055,1035039,0.004764895
8/31/2022,78248,270,93112303,1035309,0.003450567
9/1/2022,116212,633,93228515,1035942,0.005446942
9/2/2022,120932,864,93349447,1036806,0.007144511
9/3/2022,103592,500,93453039,1037306,0.004826628
9/4/2022,105130,532,93558169,1037838,0.005060401
9/5/2022,24912,114,93583081,1037952,0.004576108
9/6/2022,24255,112,93607336,1038064,0.004617605
9/7/2022,22446,114,93629782,1038178,0.005078856
9/8/2022,118994,529,93748776,1038707,0.004445602
9/9/2022,91690,688,93840466,1039395,0.007503545
9/10/2022,85271,473,93925737,1039868,0.005547021
9/11/2022,81941,595,94007678,1040463,0.007261322
9/12/2022,22131,135,94029809,1040598,0.006100041
9/13/2022,20216,86,94050025,1040684,0.004254056
9/14/2022,57915,264,94107940,1040948,0.004558405
9/15/2022,57983,562,94165923,1041510,0.009692496
9/16/2022,89519,799,94255442,1042309,0.00892548
9/17/2022,97563,684,94353005,1042993,0.007010855
9/18/2022,61574,369,94414579,1043362,0.005992789
9/19/2022,17572,98,94432151,1043460,0.005577054
9/20/2022,20188,79,94452339,1043539,0.003913216
9/21/2022,44794,227,94497133,1043766,0.005067643
9/22/2022,49594,504,94546727,1044270,0.01016252
9/23/2022,83979,698,94630706,1044968,0.008311602
9/24/2022,99198,754,94729904,1045722,0.00760096
9/25/2022,53400,345,94783304,1046067,0.006460674
9/26/2022,15871,102,94799175,1046169,0.006426816
9/27/2022,15295,85,94814470,1046254,0.005557372
9/28/2022,37642,232,94852112,1046486,0.006163328
9/29/2022,40387,462,94892499,1046948,0.011439325
9/30/2022,78175,1156,94970674,1048104,0.014787336
10/1/2022,87152,596,95057826,1048700,0.006838627
10/2/2022,46712,349,95104538,1049049,0.007471314
10/3/2022,12202,124,95116740,1049173,0.010162268
10/4/2022,13856,57,95130596,1049230,0.004113741
10/5/2022,32368,183,95162964,1049413,0.005653732
10/6/2022,37655,444,95200619,1049857,0.011791263
10/7/2022,64193,767,95264812,1050624,0.011948343
10/8/2022,78599,651,95343411,1051275,0.008282548
10/9/2022,41711,334,95385122,1051609,0.00800748
10/10/2022,11333,72,95396455,1051681,0.006353128
10/11/2022,13220,78,95409675,1051759,0.005900151
10/12/2022,24419,169,95434094,1051928,0.00692084
10/13/2022,38156,398,95472250,1052326,0.010430863
10/14/2022,57464,652,95529714,1052978,0.011346234
10/15/2022,72989,644,95602703,1053622,0.008823247
10/16/2022,33699,261,95636402,1053883,0.007745037
10/17/2022,6050,26,95642452,1053909,0.004297521
10/18/2022,11151,8,95653603,1053917,0.000717424
10/19/2022,33860,234,95687463,1054151,0.006910809
10/20/2022,38999,466,95726462,1054617,0.011949024
,,,,,
,,,,,
,,,,,
,,,,,
,,,,,
,,,,,
,,,,,
,,,,,
,,,,,
,,,,,
,,,,,
,,,,,
,,,,,
,,,,,
,,,,,
,,,,,
,,,,,
,,,,,
,,,,,
,,,,,
,,,,,
,,,,,
,,,,,
,,,,,
,,,,,
,,,,,
,,,,,
,,,,,
,,,,,
,,,,,
,,,,,
,,,,,
,,,,,
,,,,,
,,,,,
,,,,,
,,,,,
,,,,,
,,,,,
,,,,,
,,,,,
,,,,,
,,,,,
,,,,,
,,,,,
,,,,,
,,,,,
,,,,,
,,,,,
,,,,,
,,,,,
,,,,,
,,,,,
,,,,,
,,,,,
,,,,,
,,,,,
,,,,,
,,,,,
,,,,,
,,,,,
,,,,,
,,,,,
,,,,,
,,,,,
,,,,,
,,,,,
,,,,,
,,,,,
,,,,,
,,,,,
,,,,,
,,,,,
,,,,,
,,,,,
,,,,,
,,,,,
,,,,,
,,,,,
,,,,,
,,,,,
,,,,,
,,,,,
,,,,,
,,,,,
,,,,,
,,,,,
,,,,,
,,,,,
,,,,,
,,,,,
,,,,,
,,,,,
,,,,,
,,,,,
,,,,,
,,,,,
,,,,,
,,,,,
,,,,,
,,,,,
,,,,,
,,,,,
,,,,,
,,,,,
,,,,,
,,,,,
,,,,,
,,,,,
,,,,,
,,,,,
,,,,,
,,,,,
,,,,,
,,,,,
,,,,,
,,,,,
,,,,,
,,,,,
,,,,,
,,,,,
,,,,,
,,,,,
,,,,,
,,,,,
,,,,,
,,,,,
,,,,,
,,,,,
,,,,,
,,,,,
,,,,,
,,,,,
,,,,,
,,,,,
,,,,,
,,,,,
,,,,,
,,,,,
,,,,,
,,,,,
,,,,,
,,,,,
,,,,,
,,,,,
,,,,,
,,,,,
,,,,,
,,,,,
,,,,,
,,,,,
,,,,,
,,,,,
,,,,,
,,,,,
,,,,,
,,,,,
,,,,,
,,,,,
,,,,,
,,,,,
,,,,,
,,,,,
,,,,,
,,,,,
,,,,,
,,,,,
,,,,,
,,,,,
,,,,,
,,,,,
,,,,,
,,,,,
,,,,,
,,,,,
,,,,,
,,,,,
,,,,,
,,,,,
,,,,,
,,,,,
,,,,,
,,,,,
,,,,,
,,,,,
,,,,,
,,,,,
,,,,,
,,,,,
,,,,,
,,,,,
,,,,,
,,,,,
,,,,,
,,,,,
,,,,,
,,,,,
,,,,,
,,,,,
,,,,,
,,,,,
,,,,,
,,,,,
,,,,,
,,,,,
,,,,,
,,,,,
,,,,,
,,,,,
,,,,,
,,,,,
,,,,,
,,,,,
,,,,,
,,,,,
,,,,,
,,,,,
,,,,,
,,,,,
,,,,,
,,,,,
,,,,,
,,,,,
,,,,,
,,,,,
,,,,,
,,,,,
,,,,,
,,,,,
,,,,,
,,,,,
,,,,,
,,,,,
,,,,,
,,,,,
,,,,,
,,,,,
